num_workers,elapsed_s
1,90.16035
2,59.318239
4,37.121506
8,28.514503
16,24.252714
32,17.348408
64,17.089528
