num_workers,elapsed_s
1,31.243629
2,23.02173
4,19.408258
8,17.591694
16,16.427089
32,16.540436
64,12.820659
