num_workers,total_time
1,593.599228
2,356.192629
4,235.732009
8,103.791055
16,66.290751
32,48.315989
64,49.828704
