num_workers,total_time
1,602.562378
2,355.218359
4,245.003802
8,106.498828
16,72.425059
32,49.503002
64,49.709773
