num_workers,total_time
1,591.842731
2,354.704799
4,248.379997
